{
  "precipitation": "rain",
  "temperature": 1,
  "downfall": 0.19999999999999998,
  "effects": {
    "foliage_color": -39322,
    "grass_color": -39322,
    "sky_color": -39322,
    "fog_color": -39322,
    "water_color": -39322,
    "water_fog_color": -39322
  },
  "spawners": {
    "monster": [
      {
        "type": "creeper",
        "weight": 20,
        "minCount": 7,
        "maxCount": 10
      },
      {
        "type": "zombie",
        "weight": 20,
        "minCount": 6,
        "maxCount": 4
      }
    ],
    "creature": [],
    "ambient": [],
    "water_creature": [],
    "water_ambient": [],
    "misc": []
  },
  "spawn_costs": {},
  "carvers": {
    "air": [
      "minecraft:cave",
      "minecraft:canyon"
    ]
  },
  "features": [
    [],
    [],
    [],
    [],
    [],
    [],
    [
      "minecraft:ore_dirt",
      "minecraft:ore_gravel",
      "minecraft:ore_granite_upper",
      "minecraft:ore_granite_lower",
      "minecraft:ore_diorite_upper",
      "minecraft:ore_diorite_lower",
      "minecraft:ore_andesite_upper",
      "minecraft:ore_andesite_lower",
      "minecraft:ore_tuff",
      "minecraft:ore_coal_upper",
      "minecraft:ore_coal_lower",
      "minecraft:ore_iron_upper",
      "minecraft:ore_iron_middle",
      "minecraft:ore_iron_small",
      "minecraft:ore_gold",
      "minecraft:ore_gold_lower",
      "minecraft:ore_redstone",
      "minecraft:ore_redstone_lower",
      "minecraft:ore_diamond",
      "minecraft:ore_diamond_large",
      "minecraft:ore_diamond_buried",
      "minecraft:ore_lapis",
      "minecraft:ore_lapis_buried",
      "minecraft:ore_copper"
    ],
    [],
    [],
    [],
    [
      "minecraft:freeze_top_layer"
    ]
  ]
}