{
  "nuclearexplosion": {
    "subtitle": "subtitles.nuclearexplosion",
    "sounds": [
      {
        "name": "nuclear_industry:nuclearexplosion",
        "stream": false
      }
    ]
  },
  "smasher": {
    "subtitle": "subtitles.smasher",
    "sounds": [
      {
        "name": "nuclear_industry:assemblerstart",
        "stream": false
      }
    ]
  },
  "centrifuge": {
    "subtitle": "subtitles.centrifuge",
    "sounds": [
      {
        "name": "nuclear_industry:assembleroperate",
        "stream": false
      }
    ]
  }
}