{"stats":{"minecraft:dropped":{"minecraft:iron_block":1,"minecraft:redstone_lamp":1,"minecraft:anvil":1,"minecraft:repeater":4,"minecraft:iron_door":1,"minecraft:barrier":2,"minecraft:barrel":1,"minecraft:sandstone":16,"minecraft:iron_bars":1,"minecraft:sand":16,"minecraft:bedrock":1,"minecraft:oak_sign":1},"minecraft:used":{"minecraft:iron_bars":15,"minecraft:iron_block":37,"minecraft:redstone":83,"nuclear_craft:c4_atomic_bomb":1,"minecraft:barrier":3,"minecraft:stone_button":6,"minecraft:oak_sign":9,"nuclear_craft:c4_high_explosive":3,"minecraft:iron_door":6,"minecraft:barrel":2,"minecraft:bedrock":151,"minecraft:torch":2,"minecraft:redstone_lamp":1,"minecraft:repeater":7,"minecraft:anvil":1},"minecraft:picked_up":{"minecraft:sandstone":32,"minecraft:barrier":2,"minecraft:repeater":4,"minecraft:iron_door":2,"minecraft:anvil":1,"minecraft:redstone_lamp":1,"minecraft:sand":32,"minecraft:bedrock":1,"minecraft:redstone":1,"minecraft:barrel":1,"minecraft:oak_sign":1,"minecraft:iron_block":1,"minecraft:iron_bars":1},"minecraft:custom":{"minecraft:time_since_rest":49082,"minecraft:sprint_one_cm":1658,"minecraft:walk_one_cm":45802,"minecraft:drop":16,"minecraft:fly_one_cm":135438,"minecraft:open_barrel":5,"minecraft:play_time":49082,"minecraft:jump":188,"minecraft:leave_game":5,"minecraft:time_since_death":49082,"minecraft:total_world_time":102160}},"DataVersion":2975}