{
  "type": "minecraft:crafting_shaped",
  "category": "misc",
  "pattern": [
    "aaa",
    "bcd",
    "aed"
  ],
  "key": {
    "a": {
      "item": "nuclear_industry:steel_plate"
    },
    "b": {
      "item": "minecraft:iron_bars"
    },
    "c": {
      "item": "nuclear_industry:motor"
    },
    "d": {
      "item": "minecraft:copper_ingot"
    },
    "e": {
      "item": "nuclear_industry:red_stone_battery"
    }
  },
  "result": {
    "item": "nuclear_industry:deuterium_cooling_unit",
    "count": 1
  }
}