{
  "display": {
    "background": "minecraft:textures/block/stone.png",
    "icon": {
      "item": "minecraft:tnt"
    },
    "title": "Welcom to The TNT World!",
    "description": "Welcom to The TNT World!",
    "frame": "goal",
    "show_toast": true,
    "announce_to_chat": true,
    "hidden": false
  },
  "criteria": {
    "tnt": {
      "trigger": "minecraft:location",
      "conditions": {
        "player": [
          {
            "condition": "minecraft:entity_properties",
            "entity": "this",
            "predicate": {
              "location": {
                "biome": "tnt:tnt_world"
              }
            }
          }
        ]
      }
    }
  },
  "rewards": {
    "experience": 100
  }
}