{
  "type": "minecraft:block",
  "pools": [
    {
      "rolls": {
        "min": 10,
        "max": 64
      },
      "entries": [
        {
          "type": "minecraft:item",
          "name": "minecraft:tnt",
          "weight": 1,
          "functions": [
            {
              "function": "set_count",
              "count": {
                "min": 10,
                "max": 64
              }
            }
          ]
        }
      ]
    },
    {
      "rolls": {
        "min": 32,
        "max": 64
      },
      "entries": [
        {
          "type": "minecraft:item",
          "name": "minecraft:gunpowder",
          "weight": 1,
          "functions": [
            {
              "function": "set_count",
              "count": {
                "min": 32,
                "max": 64
              }
            }
          ]
        }
      ]
    }
  ]
}